
INSERT INTO artists (artist_id, birth_date, name, url) VALUES
('A001', '1985-03-15', 'Taylor Swift', 'taylor_swift.com'),
('A002', '1990-06-26', 'Ariana Grande', 'arianagrande.com'),
('A003', '1988-02-20', 'Rihanna', 'rihannanow.com'),
('A004', '1992-08-03', 'Charlie Puth', 'charlieputh.com'),
('A005', '1989-12-13', 'Dua Lipa', 'dualipa.com'),
('A006', '1978-10-28', 'Usher', 'usherworld.com'),
('A007', '1981-09-04', 'Beyoncé', 'beyonce.com'),
('A008', '1993-03-01', 'Justin Bieber', 'justinbiebermusic.com'),
('A009', '1996-05-05', 'Adele', 'adele.com'),
('A010', '1982-12-08', 'Nicki Minaj', 'nickiminajofficial.com'),
('A011', '1986-09-14', 'Drake', 'drakeofficial.com'),
('A012', '1995-07-30', 'Post Malone', 'postmalone.com'),
('A013', '1994-11-23', 'Miley Cyrus', 'mileycyrus.com'),
('A014', '1992-07-22', 'Selena Gomez', 'selenagomez.com'),
('A015', '1980-06-08', 'Kanye West', 'kanyewest.com'),
('A016', '1989-02-17', 'Ed Sheeran', 'edsheeran.com'),
('A017', '1975-12-13', 'Jay-Z', 'jayz.com'),
('A018', '1997-02-11', 'Rosalía', 'rosalia.com'),
('A019', '1999-12-04', 'Billie Eilish', 'billieeilish.com'),
('A020', '1994-06-24', 'Tove Lo', 'tovelo.com');



INSERT INTO genres (genre_id, description, name) VALUES
('G1', 'Contemporary Pop music', 'Pop'),
('G2', 'Modern R&B music', 'R&B'),
('G3', 'Electronic Dance music', 'Dance'),
('G4', 'Pop Ballad music', 'Ballad'),
('G5', 'Soulful Pop music', 'Soul Pop'),
('G6', 'Hip-Hop/Rap music', 'Hip-Hop'),
('G7', 'Alternative Rock music', 'Alternative'),
('G8', 'Latin Fusion music', 'Latin'),
('G9', 'Classic Rock music', 'Rock'),
('G10', 'Indie Pop music', 'Indie'),
('G11', 'Jazz and Soul Fusion', 'Jazz Soul'),
('G12', 'Folk Pop music', 'Folk'),
('G13', 'Trap-influenced Rap music', 'Trap'),
('G14', 'House Electronic music', 'House'),
('G15', 'Electropop music', 'Electropop'),
('G16', 'Country-inspired Pop music', 'Country Pop'),
('G17', 'Lo-fi experimental music', 'Lo-fi'),
('G18', 'EDM and Pop fusion', 'EDM Pop'),
('G19', 'Synthwave retro music', 'Synthwave'),
('G20', 'Chill R&B vibes', 'Chill R&B');



INSERT INTO albums (album_id, download_link, price, title, year_of_release, genre_id) VALUES
('AL1', 'link/ts_fearless.zip', 12.99, 'Fearless (Taylor''s Version)', 2021, 'G1'),
('AL2', 'link/ag_sweetener.zip', 10.50, 'Sweetener', 2018, 'G1'),
('AL3', 'link/ri_anti.zip', 9.75, 'Anti', 2016, 'G2'),
('AL4', 'link/cp_voicenotes.zip', 11.20, 'Voicenotes', 2018, 'G1'),
('AL5', 'link/dl_future.zip', 13.50, 'Future Nostalgia', 2020, 'G3'),
('AL6', 'link/ts_red.zip', 11.00, 'Red (Taylors Version)', 2021, 'G1'),
('AL7', 'link/bey_lemonade.zip', 13.00, 'Lemonade', 2016, 'G2'),
('AL8', 'link/us_confessions.zip', 9.00, 'Confessions', 2004, 'G2'),
('AL9', 'link/pm_hollywood.zip', 10.00, 'Hollywood''s Bleeding', 2019, 'G13'),
('AL10', 'link/billie_happier.zip', 10.50, 'Happier Than Ever', 2021, 'G10'),
('AL11', 'link/sg_rare.zip', 9.99, 'Rare', 2020, 'G10'),
('AL12', 'link/adele_30.zip', 11.49, '30', 2021, 'G4'),
('AL13', 'link/ed_divide.zip', 12.00, 'Divide', 2017, 'G1'),
('AL14', 'link/mc_plastic.zip', 9.60, 'Plastic Hearts', 2020, 'G7'),
('AL15', 'link/jb_justice.zip', 10.80, 'Justice', 2021, 'G1'),
('AL16', 'link/km_donda.zip', 13.99, 'Donda', 2021, 'G6'),
('AL17', 'link/jz_444.zip', 9.70, '4:44', 2017, 'G6'),
('AL18', 'link/ros_motomami.zip', 11.25, 'Motomami', 2022, 'G8'),
('AL19', 'link/ts_midnights.zip', 12.40, 'Midnights', 2022, 'G15'),
('AL20', 'link/tl_sunshine.zip', 10.20, 'Sunshine Kitty', 2019, 'G15');


INSERT INTO songs (song_id, file_link, lyric, name, runtime) VALUES
('S1', 'link/ts_love.mp3', 'Im walking fast through the traffic...', 'Love Story', '3:51'),
('S2', 'link/ag_god.mp3', 'God is a woman...', 'God is a woman', '3:17'),
('S3', 'link/ri_work.mp3', 'Work, work, work...', 'Work', '3:39'),
('S4', 'link/cp_attention.mp3', 'Youve been runnin round...', 'Attention', '3:28'),
('S5', 'link/dl_dont.mp3', 'You want a timeless song?', 'Don''t Start Now', '3:03'),
('S6', 'link/ts_22.mp3', 'I dont know about you...', '22', '3:50'),
('S7', 'link/ag_no.mp3', 'Why you gotta be so rude?', 'No Tears Left to Cry', '3:25'),
('S8', 'link/bey_formation.mp3', 'Okay ladies now let''s get in formation', 'Formation', '3:26'),
('S9', 'link/jb_peaches.mp3', 'I got my peaches out in Georgia...', 'Peaches', '3:18'),
('S10', 'link/ade_easy.mp3', 'Go easy on me, baby...', 'Easy On Me', '3:45'),
('S11', 'link/ed_shape.mp3', 'I''m in love with the shape of you...', 'Shape of You', '3:53'),
('S12', 'link/mc_prisoner.mp3', 'I can''t stop and look the other way...', 'Prisoner', '2:49'),
('S13', 'link/billie_bad.mp3', 'So you''re a tough guy...', 'Bad Guy', '3:14'),
('S14', 'link/km_power.mp3', 'No one man should have all that power...', 'Power', '3:41'),
('S15', 'link/sg_lose.mp3', 'I needed to lose you to love me...', 'Lose You to Love Me', '3:26'),
('S16', 'link/jz_story.mp3', 'This is my story, this is my song...', 'The Story of O.J.', '3:56'),
('S17', 'link/us_yeah.mp3', 'Yeah! Yeah! Yeah!', 'Yeah!', '4:10'),
('S18', 'link/ros_despacha.mp3', 'Despacha...', 'Despechá', '2:40'),
('S19', 'link/tl_glad.mp3', 'I''m glad he''s gone...', 'Glad He''s Gone', '3:17'),
('S20', 'link/pm_sunflower.mp3', 'Sunflower, you''re the sunflower...', 'Sunflower', '2:38');


INSERT INTO albums_artists (artist_id, album_id) VALUES
('A001', 'AL1'),
('A002', 'AL2'),
('A003', 'AL3'),
('A004', 'AL4'),
('A005', 'AL5'),
('A001', 'AL6'),
('A007', 'AL7'),
('A006', 'AL8'),
('A012', 'AL9'),
('A019', 'AL10'),
('A014', 'AL11'),
('A009', 'AL12'),
('A016', 'AL13'),
('A013', 'AL14'),
('A008', 'AL15'),
('A015', 'AL16'),
('A017', 'AL17'),
('A018', 'AL18'),
('A001', 'AL19'),
('A020', 'AL20');


INSERT INTO albums_songs (song_id, album_id) VALUES
('S1', 'AL1'),
('S2', 'AL2'),
('S3', 'AL3'),
('S4', 'AL4'),
('S5', 'AL5'),
('S6', 'AL6'),
('S7', 'AL2'),
('S8', 'AL7'),
('S9', 'AL15'),
('S10', 'AL12'),
('S11', 'AL13'),
('S12', 'AL14'),
('S13', 'AL10'),
('S14', 'AL16'),
('S15', 'AL11'),
('S16', 'AL17'),
('S17', 'AL8'),
('S18', 'AL18'),
('S19', 'AL20'),
('S20', 'AL9');