-- Insert data into the Person table.
INSERT INTO Person (PersonID, LastName, FirstName, HireDate, EnrollmentDate, Discriminator)
VALUES (1, 'Abercrombie', 'Kim', '1995-03-11', NULL, 'Instructor');
INSERT INTO Person (PersonID, LastName, FirstName, HireDate, EnrollmentDate, Discriminator)
VALUES (2, 'Barzdukas', 'Gytis', NULL, '2005-09-01', 'Student');
INSERT INTO Person (PersonID, LastName, FirstName, HireDate, EnrollmentDate, Discriminator)
VALUES (3, 'Justice', 'Peggy', NULL, '2001-09-01', 'Student');
INSERT INTO Person (PersonID, LastName, FirstName, HireDate, EnrollmentDate, Discriminator)
VALUES (4, 'Fakhouri', 'Fadi', '2002-08-06', NULL, 'Instructor');
INSERT INTO Person (PersonID, LastName, FirstName, HireDate, EnrollmentDate, Discriminator)
VALUES (5, 'Harui', 'Roger', '1998-07-01', NULL, 'Instructor');
INSERT INTO Person (PersonID, LastName, FirstName, HireDate, EnrollmentDate, Discriminator)
VALUES (6, 'Li', 'Yan', NULL, '2002-09-01', 'Student');
INSERT INTO Person (PersonID, LastName, FirstName, HireDate, EnrollmentDate, Discriminator)
VALUES (7, 'Norman', 'Laura', NULL, '2003-09-01', 'Student');
INSERT INTO Person (PersonID, LastName, FirstName, HireDate, EnrollmentDate, Discriminator)
VALUES (8, 'Olivotto', 'Nino', NULL, '2005-09-01', 'Student');
INSERT INTO Person (PersonID, LastName, FirstName, HireDate, EnrollmentDate, Discriminator)
VALUES (9, 'Tang', 'Wayne', NULL, '2005-09-01', 'Student');
INSERT INTO Person (PersonID, LastName, FirstName, HireDate, EnrollmentDate, Discriminator)
VALUES (10, 'Alonso', 'Meredith', NULL, '2002-09-01', 'Student');
INSERT INTO Person (PersonID, LastName, FirstName, HireDate, EnrollmentDate, Discriminator)
VALUES (11, 'Lopez', 'Sophia', NULL, '2004-09-01', 'Student');
INSERT INTO Person (PersonID, LastName, FirstName, HireDate, EnrollmentDate, Discriminator)
VALUES (12, 'Browning', 'Meredith', NULL, '2000-09-01', 'Student');
INSERT INTO Person (PersonID, LastName, FirstName, HireDate, EnrollmentDate, Discriminator)
VALUES (13, 'Anand', 'Arturo', NULL, '2003-09-01', 'Student');
INSERT INTO Person (PersonID, LastName, FirstName, HireDate, EnrollmentDate, Discriminator)
VALUES (14, 'Walker', 'Alexandra', NULL, '2000-09-01', 'Student');
INSERT INTO Person (PersonID, LastName, FirstName, HireDate, EnrollmentDate, Discriminator)
VALUES (15, 'Powell', 'Carson', NULL, '2004-09-01', 'Student');
INSERT INTO Person (PersonID, LastName, FirstName, HireDate, EnrollmentDate, Discriminator)
VALUES (16, 'Jai', 'Damien', NULL, '2001-09-01', 'Student');
INSERT INTO Person (PersonID, LastName, FirstName, HireDate, EnrollmentDate, Discriminator)
VALUES (17, 'Carlson', 'Robyn', NULL, '2005-09-01', 'Student');
INSERT INTO Person (PersonID, LastName, FirstName, HireDate, EnrollmentDate, Discriminator)
VALUES (18, 'Zheng', 'Roger', '2004-02-12', NULL, 'Instructor');
INSERT INTO Person (PersonID, LastName, FirstName, HireDate, EnrollmentDate, Discriminator)
VALUES (19, 'Bryant', 'Carson', NULL, '2001-09-01', 'Student');
INSERT INTO Person (PersonID, LastName, FirstName, HireDate, EnrollmentDate, Discriminator)
VALUES (20, 'Suarez', 'Robyn', NULL, '2004-09-01', 'Student');
INSERT INTO Person (PersonID, LastName, FirstName, HireDate, EnrollmentDate, Discriminator)
VALUES (21, 'Holt', 'Roger', NULL, '2004-09-01', 'Student');
INSERT INTO Person (PersonID, LastName, FirstName, HireDate, EnrollmentDate, Discriminator)
VALUES (22, 'Alexander', 'Carson', NULL, '2005-09-01', 'Student');
INSERT INTO Person (PersonID, LastName, FirstName, HireDate, EnrollmentDate, Discriminator)
VALUES (23, 'Morgan', 'Isaiah', NULL, '2001-09-01', 'Student');
INSERT INTO Person (PersonID, LastName, FirstName, HireDate, EnrollmentDate, Discriminator)
VALUES (24, 'Martin', 'Randall', NULL, '2005-09-01', 'Student');
INSERT INTO Person (PersonID, LastName, FirstName, HireDate, EnrollmentDate, Discriminator)
VALUES (25, 'Kapoor', 'Candace', '2001-01-15', NULL, 'Instructor');
INSERT INTO Person (PersonID, LastName, FirstName, HireDate, EnrollmentDate, Discriminator)
VALUES (26, 'Rogers', 'Cody', NULL, '2002-09-01', 'Student');
INSERT INTO Person (PersonID, LastName, FirstName, HireDate, EnrollmentDate, Discriminator)
VALUES (27, 'Serrano', 'Stacy', '1999-06-01', NULL, 'Instructor');
INSERT INTO Person (PersonID, LastName, FirstName, HireDate, EnrollmentDate, Discriminator)
VALUES (28, 'White', 'Anthony', NULL, '2001-09-01', 'Student');
INSERT INTO Person (PersonID, LastName, FirstName, HireDate, EnrollmentDate, Discriminator)
VALUES (29, 'Griffin', 'Rachel', NULL, '2004-09-01', 'Student');
INSERT INTO Person (PersonID, LastName, FirstName, HireDate, EnrollmentDate, Discriminator)
VALUES (30, 'Shan', 'Alicia', NULL, '2003-09-01', 'Student');
INSERT INTO Person (PersonID, LastName, FirstName, HireDate, EnrollmentDate, Discriminator)
VALUES (31, 'Stewart', 'Jasmine', '1997-10-12', NULL, 'Instructor');
INSERT INTO Person (PersonID, LastName, FirstName, HireDate, EnrollmentDate, Discriminator)
VALUES (32, 'Xu', 'Kristen', '2001-07-23', NULL, 'Instructor');
INSERT INTO Person (PersonID, LastName, FirstName, HireDate, EnrollmentDate, Discriminator)
VALUES (33, 'Gao', 'Erica', NULL, '2003-01-30', 'Student');
INSERT INTO Person (PersonID, LastName, FirstName, HireDate, EnrollmentDate, Discriminator)
VALUES (34, 'Van Houten', 'Roger', '2000-12-07', NULL, 'Instructor');

-- Insert data into the Department table.
INSERT INTO Department (DepartmentID, `Name`, Budget, StartDate, Administrator)
VALUES (1, 'Engineering', 350000.00, '2007-09-01', 2);
INSERT INTO Department (DepartmentID, `Name`, Budget, StartDate, Administrator)
VALUES (2, 'English', 120000.00, '2007-09-01', 6);
INSERT INTO Department (DepartmentID, `Name`, Budget, StartDate, Administrator)
VALUES (4, 'Economics', 200000.00, '2007-09-01', 4);
INSERT INTO Department (DepartmentID, `Name`, Budget, StartDate, Administrator)
VALUES (7, 'Mathematics', 250000.00, '2007-09-01', 3);

-- Insert data into the Course table.
INSERT INTO Course (CourseID, Title, Credits, DepartmentID)
VALUES (1050, 'Chemistry', 4, 1);
INSERT INTO Course (CourseID, Title, Credits, DepartmentID)
VALUES (1061, 'Physics', 4, 1);
INSERT INTO Course (CourseID, Title, Credits, DepartmentID)
VALUES (1045, 'Calculus', 4, 7);
INSERT INTO Course (CourseID, Title, Credits, DepartmentID)
VALUES (2030, 'Poetry', 2, 2);
INSERT INTO Course (CourseID, Title, Credits, DepartmentID)
VALUES (2021, 'Composition', 3, 2);
INSERT INTO Course (CourseID, Title, Credits, DepartmentID)
VALUES (2042, 'Literature', 4, 2);
INSERT INTO Course (CourseID, Title, Credits, DepartmentID)
VALUES (4022, 'Microeconomics', 3, 4);
INSERT INTO Course (CourseID, Title, Credits, DepartmentID)
VALUES (4041, 'Macroeconomics', 3, 4);
INSERT INTO Course (CourseID, Title, Credits, DepartmentID)
VALUES (4061, 'Quantitative', 2, 4);
INSERT INTO Course (CourseID, Title, Credits, DepartmentID)
VALUES (3141, 'Trigonometry', 4, 7);

-- Insert data into the OnlineCourse table.
INSERT INTO OnlineCourse (CourseID, URL)
VALUES (2030, 'http://www.fineartschool.net/Poetry');
INSERT INTO OnlineCourse (CourseID, URL)
VALUES (2021, 'http://www.fineartschool.net/Composition');
INSERT INTO OnlineCourse (CourseID, URL)
VALUES (4041, 'http://www.fineartschool.net/Macroeconomics');
INSERT INTO OnlineCourse (CourseID, URL)
VALUES (3141, 'http://www.fineartschool.net/Trigonometry');

-- Insert data into the OnsiteCourse table.
INSERT INTO OnsiteCourse (CourseID, Location, Days, `Time`)
VALUES (1050, '123 Smith', 'MTWH', '11:30:0');
INSERT INTO OnsiteCourse (CourseID, Location, Days, `Time`)
VALUES (1061, '234 Smith', 'TWHF', '13:15');
INSERT INTO OnsiteCourse (CourseID, Location, Days, `Time`)
VALUES (1045, '121 Smith','MWHF', '15:30');
INSERT INTO OnsiteCourse (CourseID, Location, Days, `Time`)
VALUES (4061, '22 Williams', 'TH', '11:15');
INSERT INTO OnsiteCourse (CourseID, Location, Days, `Time`)
VALUES (2042, '225 Adams', 'MTWH', '11:00');
INSERT INTO OnsiteCourse (CourseID, Location, Days, `Time`)
VALUES (4022, '23 Williams', 'MWF', '9:00');

-- Insert data into the CourseInstructor table.
INSERT INTO CourseInstructor(CourseID, PersonID)
VALUES (1050, 1);
INSERT INTO CourseInstructor(CourseID, PersonID)
VALUES (1061, 31);
INSERT INTO CourseInstructor(CourseID, PersonID)
VALUES (1045, 5);
INSERT INTO CourseInstructor(CourseID, PersonID)
VALUES (2030, 4);
INSERT INTO CourseInstructor(CourseID, PersonID)
VALUES (2021, 27);
INSERT INTO CourseInstructor(CourseID, PersonID)
VALUES (2042, 25);
INSERT INTO CourseInstructor(CourseID, PersonID)
VALUES (4022, 18);
INSERT INTO CourseInstructor(CourseID, PersonID)
VALUES (4041, 32);
INSERT INTO CourseInstructor(CourseID, PersonID)
VALUES (4061, 34);

-- Insert data into the OfficeAssignment table.
INSERT INTO OfficeAssignment(InstructorID, Location)
VALUES (1, '17 Smith');
INSERT INTO OfficeAssignment(InstructorID, Location)
VALUES (4, '29 Adams');
INSERT INTO OfficeAssignment(InstructorID, Location)
VALUES (5, '37 Williams');
INSERT INTO OfficeAssignment(InstructorID, Location)
VALUES (18, '143 Smith');
INSERT INTO OfficeAssignment(InstructorID, Location)
VALUES (25, '57 Adams');
INSERT INTO OfficeAssignment(InstructorID, Location)
VALUES (27, '271 Williams');
INSERT INTO OfficeAssignment(InstructorID, Location)
VALUES (31, '131 Smith');
INSERT INTO OfficeAssignment(InstructorID, Location)
VALUES (32, '203 Williams');
INSERT INTO OfficeAssignment(InstructorID, Location)
VALUES (34, '213 Smith');

-- Insert data into the StudentGrade table.
INSERT INTO StudentGrade (CourseID, StudentID, Grade)
VALUES (2021, 2, 4);
INSERT INTO StudentGrade (CourseID, StudentID, Grade)
VALUES (2030, 2, 3.5);
INSERT INTO StudentGrade (CourseID, StudentID, Grade)
VALUES (2021, 3, 3);
INSERT INTO StudentGrade (CourseID, StudentID, Grade)
VALUES (2030, 3, 4);
INSERT INTO StudentGrade (CourseID, StudentID, Grade)
VALUES (2021, 6, 2.5);
INSERT INTO StudentGrade (CourseID, StudentID, Grade)
VALUES (2042, 6, 3.5);
INSERT INTO StudentGrade (CourseID, StudentID, Grade)
VALUES (2021, 7, 3.5);
INSERT INTO StudentGrade (CourseID, StudentID, Grade)
VALUES (2042, 7, 4);
INSERT INTO StudentGrade (CourseID, StudentID, Grade)
VALUES (2021, 8, 3);
INSERT INTO StudentGrade (CourseID, StudentID, Grade)
VALUES (2042, 8, 3);
INSERT INTO StudentGrade (CourseID, StudentID, Grade)
VALUES (4041, 9, 3.5);
INSERT INTO StudentGrade (CourseID, StudentID, Grade)
VALUES (4041, 10, NULL);
INSERT INTO StudentGrade (CourseID, StudentID, Grade)
VALUES (4041, 11, 2.5);
INSERT INTO StudentGrade (CourseID, StudentID, Grade)
VALUES (4041, 12, NULL);
INSERT INTO StudentGrade (CourseID, StudentID, Grade)
VALUES (4061, 12, NULL);
INSERT INTO StudentGrade (CourseID, StudentID, Grade)
VALUES (4022, 14, 3);
INSERT INTO StudentGrade (CourseID, StudentID, Grade)
VALUES (4022, 13, 4);
INSERT INTO StudentGrade (CourseID, StudentID, Grade)
VALUES (4061, 13, 4);
INSERT INTO StudentGrade (CourseID, StudentID, Grade)
VALUES (4041, 14, 3);
INSERT INTO StudentGrade (CourseID, StudentID, Grade)
VALUES (4022, 15, 2.5);
INSERT INTO StudentGrade (CourseID, StudentID, Grade)
VALUES (4061, 15, NULL);
INSERT INTO StudentGrade (CourseID, StudentID, Grade)
VALUES (4061, 16, 4);
INSERT INTO StudentGrade (CourseID, StudentID, Grade)
VALUES (2021, 17, 3.5);
INSERT INTO StudentGrade (CourseID, StudentID, Grade)
VALUES (2030, 17, 3);
INSERT INTO StudentGrade (CourseID, StudentID, Grade)
VALUES (2021, 18, 4);
INSERT INTO StudentGrade (CourseID, StudentID, Grade)
VALUES (2021, 19, NULL);
INSERT INTO StudentGrade (CourseID, StudentID, Grade)
VALUES (2030, 19, NULL);
INSERT INTO StudentGrade (CourseID, StudentID, Grade)
VALUES (2030, 20, NULL);
INSERT INTO StudentGrade (CourseID, StudentID, Grade)
VALUES (2042, 20, NULL);
INSERT INTO StudentGrade (CourseID, StudentID, Grade)
VALUES (2021, 21, NULL);
INSERT INTO StudentGrade (CourseID, StudentID, Grade)
VALUES (4022, 22, 3.5);
INSERT INTO StudentGrade (CourseID, StudentID, Grade)
VALUES (2021, 23, NULL);
INSERT INTO StudentGrade (CourseID, StudentID, Grade)
VALUES (2042, 23, NULL);
INSERT INTO StudentGrade (CourseID, StudentID, Grade)
VALUES (4022, 24, 4);
INSERT INTO StudentGrade (CourseID, StudentID, Grade)
VALUES (4041, 24, 3.5);
INSERT INTO StudentGrade (CourseID, StudentID, Grade)
VALUES (4061, 26, 3.5);
INSERT INTO StudentGrade (CourseID, StudentID, Grade)
VALUES (4022, 26, 2.5);

select * from person;
select * from studentgrade;

# Calculate the average score of the students' courses
# DBMS - native query
select p.PersonID, p.firstName,p.lastName,p.enrollmentDate, avg(sg.grade) as avgGrade
from person p inner join studentgrade sg on p.personID = sg.studentID
where p.Discriminator = 'student'
  and sg.grade is not null
group by  p.PersonID, p.firstName,p.lastName,p.enrollmentDate;

# native query
# Calculate the number of students in each department, the result is decreasing the number of students.
select d.DepartmentID, d.Name, d.Administrator, d.Budget, d.StartDate, count(sg.studentid) as number
from department d inner  join course c on c.DepartmentID = d.DepartmentID
inner join studentgrade sg on sg.CourseID = c.CourseID
group by d.DepartmentID, d.Name, d.Administrator, d.Budget, d.StartDate
order by number desc;

